<?xml version="1.0" encoding="utf-8"?>
<window>
  <onload condition="!Player.PauseEnabled">SetFocus(603)</onload>
  <defaultcontrol always="true">602</defaultcontrol>
  <depth>DepthOSD</depth>
  <controls>
    <control type="button">
      <description>background close area</description>
      <left>0</left>
      <top>0</top>
      <width>100%</width>
      <bottom>280</bottom>
      <texturefocus/>
      <texturenofocus/>
      <onclick>Action(close)</onclick>
    </control>
	<include condition="Skin.HasSetting(touchmode)">TouchBackOSDButton</include>
    <control type="button" id="99220">
      <include>HiddenObject</include>
      <onfocus>SetFocus(15)</onfocus>
      <onfocus condition="Window.IsVisible(videoosd)">Action(Close)</onfocus>
    </control>
    <control type="group">
      <include>Animation_BottomSlide</include>
      <bottom>0</bottom>
      <height>180</height>
      <visible>![Window.IsVisible(SliderDialog) | Window.IsVisible(1110) | Window.IsVisible(osdaudiosettings) | Window.IsVisible(osdvideosettings) | Window.IsVisible(VideoBookmarks) | Window.IsVisible(playerprocessinfo) | Window.IsVisible(osdcmssettings) | Window.IsVisible(PVROSDChannels) | Window.IsVisible(pvrchannelguide)]</visible>
      <animation effect="fade" time="200">VisibleChange</animation>
	        <control type="group" id="6000">
				<control type="slider">
					<top>55</top>
					<left>260</left>
					<width>73%</width>
					<height>27</height>
					<texturesliderbar colordiffuse="00FFFFFF">osd/progress/nub_leftright.png</texturesliderbar>
					<textureslidernib>osd/progress/nub_leftright.png</textureslidernib>
					<textureslidernibfocus colordiffuse="button_focus">osd/progress/nub_leftright.png</textureslidernibfocus>
					<info>Player.Progress</info>
					<onup>200</onup>
					<ondown>200</ondown>
					<action>seek</action>
				</control>
			</control>
	  <include content="LiveTV_OSD_Minimal" condition="VideoPlayer.Content(livetv) + Skin.HasSetting(KeepMinimalPVROSD)"/>
      <include content="LiveTV_OSD" condition="VideoPlayer.Content(livetv) + !Skin.HasSetting(KeepMinimalPVROSD)"/>
      <include content="Video_OSD" condition="!VideoPlayer.Content(livetv)"/>
    </control>
  </controls>
</window>
